{
 "var": [
  0,
  1,
  2,
  3,
  4
 ],
 "card": [
  2,
  2,
  3,
  2,
  2
 ],
 "val": [
  0.011799999999999975,
  0.02169999999999991,
  0.00019999999999999987,
  0.0011999999999999995,
  0.06370000000000076,
  0.0082,
  0.0027999999999999974,
  0.003999999999999995,
  0.11670000000000223,
  0.005599999999999998,
  0.028199999999999868,
  0.006199999999999999,
  0.108300000000002,
  0.21639999999999235,
  0.0017999999999999993,
  0.00969999999999999,
  0.09570000000000164,
  0.013699999999999964,
  0.004399999999999996,
  0.003299999999999996,
  0.0009999999999999996,
  9.999999999999994e-05,
  0.0004999999999999997,
  0.0,
  0.0005999999999999996,
  0.0010999999999999996,
  0.0002999999999999998,
  0.005599999999999998,
  0.0029999999999999966,
  0.00039999999999999975,
  0.014099999999999962,
  0.011699999999999978,
  0.005099999999999997,
  0.00039999999999999975,
  0.09790000000000171,
  0.017899999999999937,
  0.005599999999999998,
  0.01259999999999997,
  0.007100000000000001,
  0.04480000000000023,
  0.005499999999999998,
  0.0005999999999999996,
  0.022999999999999902,
  0.016199999999999947,
  9.999999999999994e-05,
  0.0,
  0.0007999999999999996,
  0.00039999999999999975
 ]
}