{
 "var": [
  0,
  1,
  3,
  4
 ],
 "card": [
  2,
  2,
  2,
  2
 ],
 "val": [
  0.2693026391535491,
  0.010442095930599601,
  0.008619654659693122,
  0.012560068218410022,
  0.38948525269440926,
  0.015096709446833735,
  0.014545667238232083,
  0.018101274785355625,
  0.014653412921478287,
  0.0003694137711297054,
  0.038788445968618926,
  0.05282616927154728,
  0.021302860801812953,
  0.0007634551270013918,
  0.05741305692974096,
  0.07572982308158825
 ]
}