{
 "var": [
  0,
  1,
  2,
  3,
  4,
  5,
  6,
  7,
  8,
  9
 ],
 "card": [
  2,
  2,
  2,
  2,
  2,
  2,
  2,
  2,
  2,
  2
 ],
 "val": [
  0.0,
  0.0,
  0.0,
  0.0,
  0.0,
  0.0,
  0.0,
  0.00010000000000000032,
  0.00010000000000000032,
  0.0006000000000000019,
  0.00030000000000000095,
  0.00010000000000000032,
  0.0,
  0.0,
  0.00010000000000000032,
  0.00040000000000000127,
  0.0,
  0.0,
  0.00010000000000000032,
  0.0,
  0.0,
  0.0006000000000000019,
  0.0,
  0.00030000000000000095,
  0.0,
  0.00040000000000000127,
  0.00040000000000000127,
  0.00040000000000000127,
  0.00010000000000000032,
  0.0005000000000000015,
  0.0005000000000000015,
  0.0027000000000000075,
  0.0,
  0.00010000000000000032,
  0.0,
  0.0,
  0.0,
  0.00030000000000000095,
  0.0,
  0.0,
  0.0,
  0.0,
  0.0,
  0.00010000000000000032,
  0.0,
  0.0,
  0.0,
  0.0,
  0.0,
  0.00010000000000000032,
  0.0,
  0.0,
  0.00010000000000000032,
  0.001200000000000004,
  0.0,
  0.0006000000000000019,
  0.00010000000000000032,
  0.00010000000000000032,
  0.00010000000000000032,
  0.0,
  0.0,
  0.00010000000000000032,
  0.0,
  0.00020000000000000063,
  0.00010000000000000032,
  0.00020000000000000063,
  0.0005000000000000015,
  0.0006000000000000019,
  0.0006000000000000019,
  0.001200000000000004,
  0.00020000000000000063,
  0.00020000000000000063,
  0.00040000000000000127,
  0.0018000000000000062,
  0.0010000000000000033,
  0.001200000000000004,
  0.00010000000000000032,
  0.00040000000000000127,
  0.00020000000000000063,
  0.000900000000000003,
  0.0,
  0.00020000000000000063,
  0.00020000000000000063,
  0.0006000000000000019,
  0.000900000000000003,
  0.007900000000000032,
  0.0005000000000000015,
  0.004600000000000013,
  0.000900000000000003,
  0.0028000000000000078,
  0.0016000000000000055,
  0.0013000000000000045,
  0.00020000000000000063,
  0.0020000000000000065,
  0.0013000000000000045,
  0.008100000000000033,
  0.00010000000000000032,
  0.00020000000000000063,
  0.0006000000000000019,
  0.00030000000000000095,
  0.00030000000000000095,
  0.0013000000000000045,
  0.00020000000000000063,
  0.0006000000000000019,
  0.00040000000000000127,
  0.00010000000000000032,
  0.0,
  0.00020000000000000063,
  0.0,
  0.00010000000000000032,
  0.0,
  0.00010000000000000032,
  0.00010000000000000032,
  0.00020000000000000063,
  0.00030000000000000095,
  0.0006000000000000019,
  0.00030000000000000095,
  0.010400000000000026,
  0.0011000000000000038,
  0.005600000000000019,
  0.00010000000000000032,
  0.00020000000000000063,
  0.00010000000000000032,
  0.00020000000000000063,
  0.0,
  0.0008000000000000026,
  0.00020000000000000063,
  0.00040000000000000127,
  0.0,
  0.0,
  0.0,
  0.0,
  0.0,
  0.0,
  0.0,
  0.00020000000000000063,
  0.00020000000000000063,
  0.0005000000000000015,
  0.00040000000000000127,
  0.0010000000000000033,
  0.0,
  0.00010000000000000032,
  0.0,
  0.00020000000000000063,
  0.00010000000000000032,
  0.00010000000000000032,
  0.00020000000000000063,
  0.00020000000000000063,
  0.00010000000000000032,
  0.002200000000000007,
  0.00010000000000000032,
  0.000900000000000003,
  0.0005000000000000015,
  0.001200000000000004,
  0.0019000000000000065,
  0.0015000000000000052,
  0.00020000000000000063,
  0.0018000000000000062,
  0.0008000000000000026,
  0.005300000000000017,
  0.0,
  0.00010000000000000032,
  0.00010000000000000032,
  0.0,
  0.0,
  0.0,
  0.0,
  0.00030000000000000095,
  0.0,
  0.00010000000000000032,
  0.0,
  0.00030000000000000095,
  0.0,
  0.0,
  0.0,
  0.0,
  0.0,
  0.0,
  0.0,
  0.00010000000000000032,
  0.00040000000000000127,
  0.0025000000000000074,
  0.0005000000000000015,
  0.0017000000000000058,
  0.00020000000000000063,
  0.00020000000000000063,
  0.0,
  0.00010000000000000032,
  0.00010000000000000032,
  0.00010000000000000032,
  0.00010000000000000032,
  0.00040000000000000127,
  0.0,
  0.00010000000000000032,
  0.00040000000000000127,
  0.0007000000000000023,
  0.00010000000000000032,
  0.002200000000000007,
  0.00010000000000000032,
  0.0013000000000000045,
  0.0006000000000000019,
  0.001200000000000004,
  0.0008000000000000026,
  0.001200000000000004,
  0.0,
  0.00030000000000000095,
  0.0,
  0.0010000000000000033,
  0.00010000000000000032,
  0.00040000000000000127,
  0.0018000000000000062,
  0.0014000000000000048,
  0.0014000000000000048,
  0.017400000000000006,
  0.0014000000000000048,
  0.009000000000000029,
  0.0015000000000000052,
  0.005200000000000017,
  0.0025000000000000074,
  0.003800000000000009,
  0.00030000000000000095,
  0.004300000000000011,
  0.002900000000000008,
  0.014600000000000012,
  0.0,
  0.0005000000000000015,
  0.0006000000000000019,
  0.00040000000000000127,
  0.00030000000000000095,
  0.002300000000000007,
  0.0,
  0.0005000000000000015,
  0.0,
  0.0,
  0.00010000000000000032,
  0.00010000000000000032,
  0.0,
  0.00020000000000000063,
  0.0,
  0.0,
  0.00020000000000000063,
  0.0006000000000000019,
  0.0015000000000000052,
  0.0017000000000000058,
  0.0017000000000000058,
  0.019,
  0.0025000000000000074,
  0.011300000000000022,
  0.0,
  0.0006000000000000019,
  0.0006000000000000019,
  0.0005000000000000015,
  0.00010000000000000032,
  0.00040000000000000127,
  0.00010000000000000032,
  0.0007000000000000023,
  0.0,
  0.0,
  0.0,
  0.0,
  0.0,
  0.0,
  0.00010000000000000032,
  0.0,
  0.00010000000000000032,
  0.0,
  0.0,
  0.00010000000000000032,
  0.0,
  0.00010000000000000032,
  0.0,
  0.0,
  0.00010000000000000032,
  0.0,
  0.00010000000000000032,
  0.0,
  0.0006000000000000019,
  0.002900000000000008,
  0.00010000000000000032,
  0.0010000000000000033,
  0.001200000000000004,
  0.0020000000000000065,
  0.0017000000000000058,
  0.0015000000000000052,
  0.0007000000000000023,
  0.0030000000000000083,
  0.0011000000000000038,
  0.008000000000000031,
  0.00010000000000000032,
  0.0,
  0.0,
  0.0,
  0.0,
  0.0,
  0.0,
  0.0,
  0.0,
  0.0,
  0.0,
  0.0,
  0.0,
  0.0,
  0.0,
  0.00010000000000000032,
  0.0,
  0.00020000000000000063,
  0.00030000000000000095,
  0.00030000000000000095,
  0.0005000000000000015,
  0.002900000000000008,
  0.0005000000000000015,
  0.0020000000000000065,
  0.00010000000000000032,
  0.00030000000000000095,
  0.0,
  0.00020000000000000063,
  0.0,
  0.00040000000000000127,
  0.00040000000000000127,
  0.0008000000000000026,
  0.0,
  0.0,
  0.0,
  0.0,
  0.0,
  0.0,
  0.0,
  0.0,
  0.00010000000000000032,
  0.0,
  0.0,
  0.00020000000000000063,
  0.0,
  0.0,
  0.0,
  0.00010000000000000032,
  0.00020000000000000063,
  0.0,
  0.00020000000000000063,
  0.00030000000000000095,
  0.00010000000000000032,
  0.005300000000000017,
  0.00040000000000000127,
  0.0032000000000000084,
  0.0011000000000000038,
  0.0010000000000000033,
  0.001200000000000004,
  0.0016000000000000055,
  0.00020000000000000063,
  0.0014000000000000048,
  0.000900000000000003,
  0.005300000000000017,
  0.0,
  0.0,
  0.0,
  0.0,
  0.0,
  0.0,
  0.0,
  0.0,
  0.0,
  0.0,
  0.00010000000000000032,
  0.0,
  0.0,
  0.0,
  0.0,
  0.0,
  0.00010000000000000032,
  0.0007000000000000023,
  0.0007000000000000023,
  0.00030000000000000095,
  0.0013000000000000045,
  0.006600000000000025,
  0.0008000000000000026,
  0.0034000000000000085,
  0.00010000000000000032,
  0.00010000000000000032,
  0.00020000000000000063,
  0.00040000000000000127,
  0.0,
  0.00040000000000000127,
  0.00030000000000000095,
  0.0006000000000000019,
  0.00010000000000000032,
  0.0,
  0.00020000000000000063,
  0.00030000000000000095,
  0.0,
  0.0008000000000000026,
  0.0,
  0.0005000000000000015,
  0.0007000000000000023,
  0.0032000000000000084,
  0.0018000000000000062,
  0.002300000000000007,
  0.0,
  0.0007000000000000023,
  0.00030000000000000095,
  0.0026000000000000077,
  0.0,
  0.00010000000000000032,
  0.00020000000000000063,
  0.00030000000000000095,
  0.00030000000000000095,
  0.002900000000000008,
  0.00030000000000000095,
  0.0018000000000000062,
  0.0013000000000000045,
  0.0030000000000000083,
  0.0018000000000000062,
  0.0020000000000000065,
