{
 "var": [
  0,
  1,
  3,
  4,
  6,
  7,
  8,
  9
 ],
 "card": [
  2,
  2,
  2,
  2,
  2,
  2,
  2,
  2
 ],
 "val": [
  0.0,
  0.0009380313067948656,
  7.328369584334891e-05,
  0.0007035234800961492,
  0.0,
  0.0,
  1.3324308335154343e-05,
  2.1318893336246958e-05,
  0.00021985108753004668,
  0.0038693791405288174,
  0.00029313478337339547,
  0.0025795860936858794,
  0.0,
  2.1318893336246948e-05,
  1.3324308335154346e-05,
  0.00025582672003496336,
  0.0005862695667467911,
  0.004924664360673051,
  0.0008061206542768377,
  0.0037521252271794665,
  0.0,
  2.131889333624695e-05,
  0.0,
  6.395668000874084e-05,
  0.002125227179457118,
  0.034238142698012466,
  0.003297766312950701,
  0.028844462683942015,
  0.0,
  0.00021318893336246943,
  6.662154167577173e-05,
  0.0007461612667686429,
  0.0,
  0.0005862695667467909,
  7.328369584334891e-05,
  0.0002345078266987164,
  0.0,
  0.0,
  0.0,
  6.395668000874087e-05,
  0.000512985870903442,
  0.006683473060913419,
  0.0005862695667467911,
  0.004455648707275609,
  0.0,
  6.395668000874084e-05,
  7.994585001092603e-05,
  0.00046901565339743277,
  0.00043970217506009347,
  0.007152488714310861,
  0.0008061206542768379,
  0.005510933927419843,
  0.0,
  0.0,
  0.0,
  8.52755733449878e-05,
  0.004910007621504371,
  0.07222841062320488,
  0.008427625021985106,
  0.05311602274725903,
  1.3324308335154341e-05,
  0.0005329723334061736,
  0.00018654031669216087,
  0.0015775981068822766,
  0.0,
  0.0,
  0.0,
  0.0001172539133493582,
  0.0,
  0.0,
  0.0,
  0.0,
  0.0009526880459635355,
  0.011139121768189016,
  0.0010992554376502333,
  0.008794043501201864,
  3.9972925005463024e-05,
  0.00021318893336246943,
  0.0001332430833515434,
  0.0008953935201223717,
  0.0,
  0.0007035234800961494,
  0.0,
  0.00023450782669871646,
  0.0,
  0.0,
  0.0,
  2.1318893336246958e-05,
  0.0010992554376502335,
  0.026616638330304216,
  0.002418361962830514,
  0.02063668874948698,
  1.3324308335154341e-05,
  0.00023450782669871636,
  5.329723334061738e-05,
  0.0006395668000874085,
  0.00021985108753004668,
  0.0032831095737820325,
  0.00021985108753004668,
  0.0021105704402884485,
  0.0,
  6.395668000874084e-05,
  1.3324308335154343e-05,
  0.0002345078266987166,
  0.0008061206542768376,
  0.013601453948525525,
  0.0009526880459635357,
  0.011256375681538373,
  2.6648616670308686e-05,
  0.0001918700400262225,
  0.00011991877501638912,
  0.0011085824534848416,
  0.0003664184792167445,
  0.005628187840769201,
  0.0004397021750600934,
  0.004924664360673051,
  0.0,
  2.1318893336246948e-05,
  1.3324308335154341e-05,
  0.0001492322533537287,
  0.0019053760919270715,
  0.03388638095796438,
  0.0032977663129507007,
  0.02497508354341321,
  2.6648616670308686e-05,
  6.395668000874084e-05,
  3.997292500546303e-05,
  0.0007461612667686429,
  0.0,
  0.0023450782669871633,
  0.00021985108753004673,
  0.0015243008735416567,
  0.0,
  0.0,
  2.6648616670308686e-05,
  0.00012791336001748176,
  0.0006595532625901401,
  0.011139121768189016,
  0.001245822829336931,
  0.011256375681538373,
  2.664861667030868e-05,
  0.00023450782669871638,
  0.00013324308335154348,
  0.001215176920166077,
  7.32836958433489e-05,
  0.0003517617400480747,
  0.0,
  0.00023450782669871646,
  0.0,
  0.0,
  0.0,
  2.131889333624695e-05,
  0.00021985108753004668,
  0.0035176174004807434,
  0.0007328369584334891,
  0.0023450782669871633,
  0.0,
  0.0,
  0.0,
  4.26377866724939e-05,
  7.328369584334891e-05,
  0.0030486017470833116,
  7.328369584334891e-05,
  0.001758808700240373,
  0.0,
  4.26377866724939e-05,
  0.0,
  6.395668000874087e-05,
  0.0019786597877704203,
  0.031072287037579804,
  0.003004631529577305,
  0.02391979832326899,
  3.997292500546303e-05,
  0.00031978340004370413,
  0.0003597563250491671,
  0.002046613760279711,
  0.0001465673916866978,
  0.00046901565339743293,
  7.32836958433489e-05,
  0.00023450782669871646,
  0.0,
  0.0,
  0.0,
  0.0,
  0.0003664184792167445,
  0.007152488714310853,
  0.000732836958433489,
  0.005628187840769194,
  0.0,
  0.0,
  2.6648616670308686e-05,
  0.00023450782669871657,
  0.0001465673916866978,
  0.0002345078266987164,
  7.328369584334891e-05,
  0.0002345078266987164,
  0.0,
  4.2637786672493896e-05,
  0.0,
  0.0,
  0.0015389576127103268,
  0.020871196576185694,
  0.0032244826171073516,
  0.020871196576185694,
  2.664861667030868e-05,
  0.0004050589733886919,
  0.00034643201671401275,
  0.0015349603202097829,
  7.328369584334891e-05,
  0.0,
  0.0,
  0.00035176174004807476,
  0.0,
  0.0,
  0.0,
  2.1318893336246955e-05,
  0.003884035879697492,
  0.06097203494166599,
  0.006009263059154598,
  0.05499208536084875,
  1.3324308335154341e-05,
  0.000362421186716198,
  0.0001732160083570065,
  0.001215176920166077,
  0.00014656739168669781,
  0.005393680014070484,
  0.0006595532625901401,
  0.0042211408805769,
  1.3324308335154345e-05,
  0.0001279133600174817,
  5.329723334061738e-05,
  0.00046901565339743293,
  0.001392390221023629,
  0.031189540950929167,
  0.00337105000879405,
  0.02673389224365358,
  2.6648616670308682e-05,
  0.0005969290134149144,
  0.0002931347833733956,
  0.002536948307013388,
  0.000732836958433489,
  0.013366946121826815,
  0.0016122413085536758,
  0.011959899161634525,
  0.0,
  4.26377866724939e-05,
  3.9972925005463024e-05,
  0.00031978340004370435,
  0.004103886967227537,
  0.07222841062320488,
  0.008281057630298407,
  0.06542768364894175,
  2.664861667030869e-05,
  0.0005542912267424205,
  0.00023983755003277826,
  0.0014283658535285473
 ]
}