{
 "var": [
  0,
  1,
  2,
  3,
  4
 ],
 "card": [
  2,
  2,
  3,
  2,
  2
 ],
 "val": [
  0.010777777777777778,
  0.02277777777777778,
  0.00011111111111111112,
  0.0012222222222222222,
  0.05977777777777778,
  0.008222222222222223,
  0.003777777777777778,
  0.003,
  0.11655555555555555,
  0.0064444444444444445,
  0.025222222222222222,
  0.004,
  0.11055555555555556,
  0.23066666666666666,
  0.0015555555555555555,
  0.010777777777777778,
  0.096,
  0.012777777777777779,
  0.0057777777777777775,
  0.003777777777777778,
  0.0011111111111111111,
  0.0,
  0.00022222222222222223,
  0.00011111111111111112,
  0.0012222222222222222,
  0.0015555555555555555,
  0.00044444444444444447,
  0.004555555555555556,
  0.004111111111111111,
  0.00044444444444444447,
  0.011555555555555555,
  0.012444444444444444,
  0.0064444444444444445,
  0.00044444444444444447,
  0.09966666666666667,
  0.01633333333333333,
  0.004,
  0.012222222222222223,
  0.0057777777777777775,
  0.04522222222222222,
  0.0047777777777777775,
  0.00022222222222222223,
  0.018222222222222223,
  0.013777777777777778,
  0.0,
  0.0,
  0.0011111111111111111,
  0.00022222222222222223
 ]
}