{
 "var": [
  0,
  1,
  3,
  4
 ],
 "card": [
  2,
  2,
  2,
  2
 ],
 "val": [
  0.24066666666666667,
  0.03411111111111111,
  0.014,
  0.009222222222222222,
  0.34855555555555556,
  0.04766666666666667,
  0.020888888888888887,
  0.017444444444444443,
  0.012666666666666666,
  0.001888888888888889,
  0.052333333333333336,
  0.04211111111111111,
  0.018444444444444444,
  0.0023333333333333335,
  0.07711111111111112,
  0.06055555555555556
 ]
}