{
 "var": [
  0,
  1,
  3,
  4,
  6,
  7,
  8,
  9
 ],
 "card": [
  2,
  2,
  2,
  2,
  2,
  2,
  2,
  2
 ],
 "val": [
  0.0,
  0.0003333333333333333,
  0.0,
  0.0006666666666666666,
  0.0,
  0.00011111111111111112,
  0.0,
  0.0,
  0.0003333333333333333,
  0.0028888888888888888,
  0.00022222222222222223,
  0.0011111111111111111,
  0.0,
  0.0003333333333333333,
  0.00011111111111111112,
  0.0011111111111111111,
  0.0006666666666666666,
  0.006666666666666667,
  0.001,
  0.0038888888888888888,
  0.0,
  0.0003333333333333333,
  0.00022222222222222223,
  0.00022222222222222223,
  0.0035555555555555557,
  0.03944444444444444,
  0.004333333333333333,
  0.018,
  0.0,
  0.0005555555555555556,
  0.0011111111111111111,
  0.001888888888888889,
  0.00022222222222222223,
  0.001,
  0.00022222222222222223,
  0.0,
  0.0,
  0.0,
  0.0,
  0.0006666666666666666,
  0.0005555555555555556,
  0.006333333333333333,
  0.0006666666666666666,
  0.003,
  0.00011111111111111112,
  0.00044444444444444447,
  0.00022222222222222223,
  0.0016666666666666668,
  0.0007777777777777777,
  0.006333333333333333,
  0.00022222222222222223,
  0.0034444444444444444,
  0.0,
  0.00022222222222222223,
  0.00011111111111111112,
  0.00044444444444444447,
  0.008555555555555556,
  0.07822222222222222,
  0.007222222222222222,
  0.03977777777777778,
  0.0,
  0.002111111111111111,
  0.0013333333333333333,
  0.004555555555555556,
  0.0,
  0.00022222222222222223,
  0.0,
  0.00011111111111111112,
  0.0,
  0.0,
  0.0,
  0.0,
  0.0013333333333333333,
  0.011888888888888888,
  0.0014444444444444444,
  0.005,
  0.0,
  0.0008888888888888889,
  0.0006666666666666666,
  0.0038888888888888888,
  0.0,
  0.00011111111111111112,
  0.0,
  0.00011111111111111112,
  0.0,
  0.0,
  0.00011111111111111112,
  0.00022222222222222223,
  0.001888888888888889,
  0.02988888888888889,
  0.0025555555555555557,
  0.012888888888888889,
  0.00011111111111111112,
  0.00022222222222222223,
  0.0007777777777777777,
  0.001888888888888889,
  0.0003333333333333333,
  0.003,
  0.00022222222222222223,
  0.0017777777777777779,
  0.00011111111111111112,
  0.00022222222222222223,
  0.00022222222222222223,
  0.0012222222222222222,
  0.0015555555555555555,
  0.016444444444444446,
  0.0022222222222222222,
  0.008666666666666666,
  0.00011111111111111112,
  0.002,
  0.001888888888888889,
  0.0036666666666666666,
  0.0003333333333333333,
  0.005333333333333333,
  0.0003333333333333333,
  0.003777777777777778,
  0.0,
  0.0003333333333333333,
  0.0003333333333333333,
  0.0005555555555555556,
  0.002777777777777778,
  0.035222222222222224,
  0.004111111111111111,
  0.015444444444444445,
  0.0,
  0.0006666666666666666,
  0.0005555555555555556,
  0.0026666666666666666,
  0.00044444444444444447,
  0.0015555555555555555,
  0.00044444444444444447,
  0.0012222222222222222,
  0.0,
  0.00011111111111111112,
  0.0,
  0.0007777777777777777,
  0.0006666666666666666,
  0.013111111111111112,
  0.0007777777777777777,
  0.005222222222222222,
  0.00011111111111111112,
  0.0008888888888888889,
  0.00044444444444444447,
  0.0033333333333333335,
  0.00022222222222222223,
  0.001,
  0.0,
  0.00044444444444444447,
  0.0,
  0.00011111111111111112,
  0.0,
  0.0,
  0.0005555555555555556,
  0.004111111111111111,
  0.00022222222222222223,
  0.0012222222222222222,
  0.0,
  0.0,
  0.0,
  0.0003333333333333333,
  0.00011111111111111112,
  0.0017777777777777779,
  0.00022222222222222223,
  0.0005555555555555556,
  0.0,
  0.00011111111111111112,
  0.00011111111111111112,
  0.0007777777777777777,
  0.0023333333333333335,
  0.02666666666666667,
  0.0035555555555555557,
  0.013777777777777778,
  0.00022222222222222223,
  0.0023333333333333335,
  0.0015555555555555555,
  0.007333333333333333,
  0.00022222222222222223,
  0.00044444444444444447,
  0.00011111111111111112,
  0.00022222222222222223,
  0.0,
  0.0,
  0.0,
  0.00022222222222222223,
  0.0007777777777777777,
  0.0064444444444444445,
  0.0006666666666666666,
  0.0026666666666666666,
  0.0,
  0.00022222222222222223,
  0.00022222222222222223,
  0.0006666666666666666,
  0.0,
  0.00044444444444444447,
  0.0,
  0.0,
  0.0,
  0.0,
  0.0,
  0.0,
  0.002,
  0.026444444444444444,
  0.003777777777777778,
  0.011777777777777778,
  0.00022222222222222223,
  0.0022222222222222222,
  0.0012222222222222222,
  0.008222222222222223,
  0.00011111111111111112,
  0.0008888888888888889,
  0.0,
  0.00022222222222222223,
  0.0,
  0.0,
  0.0,
  0.0,
  0.006,
  0.069,
  0.0064444444444444445,
  0.02988888888888889,
  0.00011111111111111112,
  0.001888888888888889,
  0.0008888888888888889,
  0.005111111111111111,
  0.0007777777777777777,
  0.007222222222222222,
  0.001,
  0.0036666666666666666,
  0.00022222222222222223,
  0.0005555555555555556,
  0.00044444444444444447,
  0.0017777777777777779,
  0.0024444444444444444,
  0.03122222222222222,
  0.002777777777777778,
  0.01577777777777778,
  0.0005555555555555556,
  0.003,
  0.002111111111111111,
  0.010555555555555556,
  0.0012222222222222222,
  0.018444444444444444,
  0.0014444444444444444,
  0.008333333333333333,
  0.0,
  0.00022222222222222223,
  0.0,
  0.0013333333333333333,
  0.008333333333333333,
  0.07988888888888888,
  0.01,
  0.03855555555555556,
  0.0003333333333333333,
  0.0017777777777777779,
  0.001,
  0.006555555555555556
 ]
}